area,bedrooms,bathrooms,floors,year_built,garage_size,location,price
3419,1,1,3,1985,1,Suburb,533284.28
1371,6,1,3,2019,0,Uptown,337079.71
2528,1,1,1,1977,1,Uptown,512413.77
3265,1,2,3,2019,3,Suburb,572710.6
2639,5,3,1,1970,3,Countryside,394996.93
1938,2,2,2,1963,0,City Center,421797.26
1196,3,3,3,1983,0,City Center,337244.26
2996,1,4,1,2020,2,Uptown,677568.69
2281,5,2,3,1958,0,Suburb,379760.51
3966,3,1,1,1962,3,Countryside,515771.2
2657,6,3,1,1997,2,Suburb,490781.65
3545,3,1,3,1971,1,Suburb,545935.4
2693,4,3,3,2021,1,Countryside,416499.25
3947,1,2,1,1990,3,Countryside,473374.4
1071,2,3,1,2013,3,City Center,264911.64
1385,3,2,1,2021,2,Uptown,327329.25
2554,5,4,2,1978,1,Uptown,569773.38
2821,1,1,1,1969,1,City Center,601194.95
3242,1,4,2,2009,2,Uptown,686529.52
847,6,1,3,2018,2,Countryside,155393.93
1256,3,4,1,2008,0,Countryside,262032.98
2850,2,1,3,1988,1,Suburb,444984.47
2331,2,1,3,1991,3,Downtown,559325.56
1258,3,3,1,1957,1,Uptown,263315.04
1122,1,4,1,2018,1,Suburb,229412.35
3502,4,2,2,2017,3,Suburb,609018.45
3008,6,2,3,1989,3,Countryside,425440.13
2594,5,4,1,1981,1,Downtown,684663.96
2184,1,2,3,1978,0,Downtown,496387.23
3699,6,1,1,1958,0,Countryside,480046.13
1090,5,2,2,2012,1,Uptown,279515.87
1341,6,4,1,2010,3,Suburb,366195.56
1186,1,4,2,2004,3,City Center,323790.06
3786,1,1,1,2001,2,Downtown,854195.78
1818,2,2,3,2007,1,City Center,444730.9
1551,3,4,1,1959,3,Uptown,350528.13
1201,1,1,1,1980,1,City Center,264387.27
2789,4,2,2,1957,1,City Center,587996.6
808,4,3,2,1986,3,Uptown,211996.28
3511,6,4,1,1974,2,Suburb,635587.22
1039,5,1,3,1990,0,Downtown,296544.33
3192,4,2,1,2015,0,Suburb,547727.37
1080,5,1,3,1980,3,Downtown,298687.03
3133,2,1,3,1960,3,Uptown,622912.93
3115,5,3,2,1976,2,Suburb,518679.56
1887,4,2,3,1988,3,Countryside,279043.12
3879,1,1,2,2022,0,Downtown,887562.22
3002,2,3,1,1994,0,Suburb,521442.44
2313,3,2,2,2019,2,Uptown,525407.37
3478,5,1,3,2020,2,Downtown,820289.2
1350,3,1,1,2020,1,Countryside,216481.68
1954,5,2,3,1993,1,Countryside,296278.35
2870,4,3,1,1961,3,Countryside,399361.56
980,1,3,1,1983,1,City Center,257533.53
3059,6,4,3,1951,0,Downtown,792394.99
3630,2,1,2,2020,1,City Center,818925.6
1322,1,3,2,1955,2,Suburb,212015.65
3593,2,1,2,2021,3,Uptown,742950.75
3869,2,2,1,1972,3,Downtown,916150.27
1534,6,3,2,1981,2,Suburb,343110.9
3672,1,4,1,2010,1,Suburb,609216.52
2685,3,3,1,1978,0,Suburb,451036.82
2432,3,3,1,1985,2,Uptown,517613.3
2437,6,3,1,1964,2,Suburb,426625.87
3178,3,1,1,2005,2,Countryside,443110.52
2587,5,1,2,2023,1,Countryside,407064.8
981,6,4,1,2016,1,Countryside,237279.8
2566,1,3,3,1990,0,Countryside,365990.66
2877,3,4,2,2001,2,Uptown,656747.72
1321,2,4,3,1998,1,Uptown,316692.6
3131,3,4,3,1950,2,Countryside,445947.91
1660,4,3,2,2006,3,Suburb,370760.73
2893,4,2,3,1960,2,Uptown,611418.48
3519,6,3,1,1980,2,Suburb,652142.87
1615,2,1,1,1981,3,Uptown,291030.1
3947,1,4,2,2023,1,City Center,919808.05
2824,4,2,1,1950,0,City Center,627780.94
1696,2,4,1,2021,1,Downtown,459119.85
2669,2,4,3,2017,2,City Center,648825.22
3309,6,4,3,2007,1,City Center,771638.62
2643,3,2,3,1985,3,Suburb,447556.56
1924,4,1,3,1986,1,Countryside,279022.25
2175,3,1,1,1969,1,City Center,508807.88
3642,2,2,1,2003,3,Countryside,481174.6
3022,4,4,1,1976,3,City Center,709450.13
3953,5,1,3,1998,3,Downtown,946389.86
2240,3,4,2,2018,1,City Center,580708.04
1698,3,4,2,1953,3,Countryside,279835.02
3539,6,4,3,1971,3,Suburb,628754.8
3348,5,1,2,2022,0,Downtown,827565.35
3432,4,2,2,1973,0,Countryside,458281.55
2352,3,2,2,1991,2,City Center,566792.9
1939,4,3,1,2010,0,Uptown,442063.94
1013,3,2,3,1958,0,Downtown,248371.76
1812,2,1,3,1969,1,Suburb,276457.84
2739,6,1,3,1977,3,Countryside,365909.7
3941,3,2,3,1964,1,Countryside,513842.41
1242,5,1,2,2023,3,City Center,345541.11
3728,2,1,3,1981,0,Countryside,460962.27
3602,5,1,3,1955,2,Uptown,738198.26
2554,6,3,1,2014,2,Downtown,656342.59
2520,4,1,2,1996,3,Suburb,425587.09
2583,2,3,3,2018,3,City Center,612575.71
2584,6,3,2,1981,0,Countryside,377534.45
2646,2,4,3,1998,2,Downtown,669124.29
2824,3,2,2,1977,2,Countryside,393461.02
2194,3,3,3,1951,1,Downtown,574873.72
1788,6,4,2,2021,1,City Center,502471.56
3445,6,4,2,1952,0,Countryside,502551.01
1707,4,2,2,1997,3,Uptown,402876.08
2974,3,4,3,2020,2,Countryside,416504.58
3678,4,3,2,1982,1,Downtown,896019.72
3754,2,3,1,2018,1,Suburb,631304.6
1686,6,4,2,2017,2,Downtown,555114.84
1595,3,2,2,1972,2,Downtown,399027.78
3700,5,2,2,1955,0,Uptown,773030.95
1996,6,2,3,2012,0,Downtown,532405.76
3151,3,4,2,2006,2,Suburb,540276.44
1010,3,4,1,1958,3,City Center,306956.46
1103,5,1,1,1969,2,Downtown,310713.66
1816,1,4,3,1978,3,City Center,459180.64
2613,3,4,2,2022,0,Uptown,580347.25
3831,1,2,3,1977,2,Downtown,916530.89
1443,2,2,3,1959,1,Downtown,319137.98
2473,4,4,2,1954,1,Countryside,378497.14
3695,3,4,1,1979,2,Uptown,841834.11
3508,2,4,1,2019,1,Suburb,588889.27
1888,2,1,1,1971,2,Uptown,375334.05
3867,5,3,2,1965,3,Countryside,546533.03
3666,4,3,3,2019,3,City Center,857290.49
1129,5,1,2,1991,2,Downtown,281511.73
1174,2,1,3,1984,0,Suburb,192471.26
2727,5,4,2,1973,3,City Center,650923.93
1173,4,3,2,1992,2,Downtown,352396.85
1458,3,4,3,2013,2,City Center,382291.52
3915,5,1,2,1961,2,Countryside,544298.69
2124,1,4,3,1950,3,City Center,478374.93
1022,2,3,3,2013,3,Downtown,298008.77
1633,3,2,2,2006,3,Downtown,449695.34
918,6,2,3,1970,2,Uptown,227392.71
856,5,4,1,1978,0,City Center,271309.2
1281,6,2,2,1987,2,City Center,376652.86
2776,4,2,2,2020,1,City Center,623810.34
1580,5,2,1,1985,3,Countryside,268792.68
2879,3,1,2,1988,3,Suburb,479047.66
2629,5,4,2,1992,3,City Center,676726.46
2118,2,2,3,1999,1,City Center,462540.99
978,3,4,3,1998,3,Suburb,212290.87
2828,1,2,3,1992,0,City Center,628318.83
1208,5,4,1,1968,3,Suburb,284139.69
1106,4,3,2,2000,0,Countryside,210729.86
3562,5,4,2,2012,0,Uptown,805518.96
1080,2,3,1,1961,3,Downtown,277899.51
3914,6,1,2,1971,2,Downtown,943795.07
988,3,1,2,1995,2,City Center,253841.45
1396,2,4,3,1973,1,Suburb,254612.97
1123,5,4,3,1980,3,Uptown,359300.49
1386,2,4,3,1982,3,Countryside,249796.66
3531,1,4,2,2019,1,Downtown,843148.93
2609,3,3,3,2004,2,City Center,636021.07
2037,2,4,2,1963,1,City Center,462776.37
3142,3,3,3,1987,0,City Center,732061.69
1924,1,1,3,2013,2,Suburb,341271.91
3286,3,2,3,1974,2,Suburb,521486.35
3373,1,1,2,2006,0,Uptown,693002.52
2294,6,2,1,1987,2,City Center,571495.62
1519,2,2,3,1996,2,Suburb,290291.2
1852,4,3,3,1993,0,City Center,496355.86
1108,2,2,3,2000,2,Downtown,292392.24
2416,1,3,3,1965,3,Countryside,315345.28
3555,6,3,3,1998,2,Downtown,884084.71
3564,2,4,1,2021,2,Uptown,767163.79
1706,6,1,3,2009,2,City Center,434217.97
1277,2,1,1,1988,3,Downtown,326148.04
1198,2,2,2,2008,2,Uptown,291143.82
2516,5,2,2,1962,3,Uptown,571163.66
2471,3,1,3,1997,1,City Center,555670.04
2621,2,3,1,1997,2,Downtown,680295.68
2430,3,2,1,2008,0,Suburb,411206.86
3428,6,1,1,1992,1,Suburb,632603.38
3112,2,1,3,1976,1,Suburb,495313.35
2145,2,1,2,1968,1,Uptown,413131.85
1826,2,1,3,1953,1,Downtown,393932.15
2267,2,3,1,1972,2,Downtown,568724.45
1319,6,4,3,1964,0,City Center,362520.74
2636,3,1,2,2014,1,Uptown,573300.01
977,6,3,2,1953,0,City Center,284134.75
2445,4,1,2,2006,0,Downtown,594668.42
2119,5,2,1,1966,2,Uptown,457269.13
3393,5,3,2,2017,2,City Center,783733.06
2870,5,4,1,1964,1,City Center,678769.7
2649,2,4,2,2008,3,City Center,660417.98
3788,1,3,2,1990,2,Countryside,506841.87
1425,6,4,1,1961,0,Downtown,384210.22
2568,1,3,1,2021,0,Uptown,557723.62
3100,5,3,3,1965,3,Countryside,460206.35
3525,4,1,2,1989,2,Downtown,822947.85
3167,5,2,1,2011,1,Downtown,794149.5
2234,5,3,1,1985,1,City Center,550804.17
3097,5,1,3,1984,0,Suburb,486690.59
1919,6,3,2,1994,0,Suburb,385005.75
1386,5,4,1,1968,0,Downtown,405065.69
3856,5,2,2,2003,3,Countryside,568881.02
1444,3,3,3,1991,0,Downtown,404476.04
1437,2,1,3,1960,2,City Center,287216.61
3511,4,4,3,2006,3,Countryside,508563.5
1682,5,1,2,2005,0,Countryside,267640.71
3577,6,4,3,1989,0,Suburb,649325.72
2418,5,1,1,1976,2,Suburb,424000.95
3943,2,3,2,1991,0,Downtown,1012729.63
2837,6,4,1,1966,3,Uptown,670632.81
3682,2,3,1,2000,0,City Center,848931.31
876,4,1,2,2023,3,Uptown,259400.04
2456,6,4,2,1964,3,Downtown,670627.83
2130,2,4,3,1996,0,City Center,506994.62
1233,2,4,3,2001,0,City Center,342609.38
2070,6,3,1,1992,1,Downtown,544293.5
2890,6,1,3,2015,1,Countryside,417563.63
2238,6,2,1,1963,1,Countryside,323352.73
1608,2,2,3,1959,1,City Center,361817.48
2700,5,4,3,2022,2,Countryside,489293.17
1418,4,1,2,2006,2,Countryside,188814.7
3222,1,3,3,1959,2,City Center,722845.2
2651,1,1,2,1986,0,Downtown,570220.68
3319,5,4,2,2020,0,City Center,795551.36
3141,6,2,2,2010,1,Downtown,816504.01
2645,1,3,3,1960,1,Downtown,624410.6
1814,6,4,2,2017,1,Countryside,317625.1
2327,3,4,2,1993,0,Countryside,339433.93
1069,3,1,3,1999,2,Countryside,184371.95
3764,6,2,2,1960,1,Countryside,500072.67
2070,6,4,1,1960,2,Uptown,505979.17
2342,6,3,1,2017,0,City Center,594231.44
2882,3,1,2,1989,1,Suburb,451767.99
2199,4,2,1,1967,1,Downtown,584153.88
2011,1,1,3,1993,1,Uptown,419323.38
2343,2,2,1,1971,3,Downtown,525172.15
2482,3,2,2,1986,3,Suburb,432029.09
2987,2,3,2,1974,2,Uptown,619229.27
2604,4,3,2,2014,3,Suburb,502648.67
1617,5,2,2,1956,3,Countryside,239189.59
3071,1,1,2,1960,1,Countryside,364225.27
2640,5,2,2,1961,1,City Center,617999.75
2231,1,4,1,2000,2,Suburb,419965.1
2381,1,3,1,1953,2,Downtown,541219.07
3727,6,3,1,1967,0,Countryside,517049.98
2735,6,2,3,2010,3,Uptown,621826.09
821,1,1,2,1977,1,Uptown,153528.42
3778,5,4,1,1986,1,Countryside,584669.08
1299,1,2,2,2008,0,Downtown,332374.63
2847,5,1,3,2015,1,Suburb,467332.32
1993,4,1,3,1995,1,Uptown,452492.24
2506,2,1,3,1996,0,Uptown,552113.12
3028,5,1,2,2010,0,City Center,714529.31
2329,3,1,2,1958,2,Suburb,340962.6
3802,6,1,3,1992,1,Downtown,909765.32
2243,5,3,3,1972,3,City Center,580368.22
3387,2,2,1,2008,0,Countryside,434286.61
1625,1,2,1,1990,2,Uptown,358751.39
2431,5,4,2,1954,1,Countryside,387212.68
2262,1,3,2,1965,2,City Center,491981.39
2438,6,4,2,1993,1,City Center,620289.49
3634,4,3,3,1984,0,City Center,763314.65
1123,4,2,3,1987,2,Downtown,293687.25
1127,3,3,2,2007,3,Suburb,245498.64
3625,4,3,2,1955,2,Uptown,742419.34
2581,3,1,1,2001,2,Uptown,579443.23
3871,6,2,1,1968,3,Downtown,919372.17
1317,1,2,3,1996,2,City Center,303769.11
3123,1,2,3,2007,2,Countryside,418874.81
2618,1,2,3,1996,3,Countryside,383985.47
3460,3,2,1,1953,1,City Center,727382.76
2920,4,1,2,1983,3,Suburb,510763.28
3306,3,4,1,1965,1,Downtown,809554.66
2651,2,4,1,1990,2,Downtown,649844.83
3052,5,3,2,1970,1,Countryside,448482.07
2883,2,1,1,1967,1,City Center,620911.19
907,3,3,2,2020,1,Uptown,242860.66
1153,1,3,2,2011,3,City Center,307026.04
3154,1,2,2,1959,3,City Center,677133.73
3585,5,3,1,2020,1,Suburb,638020.35
2572,5,1,1,2016,1,Countryside,387882.61
1474,2,3,3,1978,2,Uptown,371150.34
1963,1,3,1,2020,2,Suburb,332693.69
3360,3,1,3,1971,1,Suburb,570160.67
3498,5,3,3,1955,0,Downtown,808508.24
986,6,3,3,1976,3,Uptown,285234.3
3417,1,4,3,2019,2,Countryside,499306.34
2778,2,4,2,2008,0,Downtown,702669.84
1447,4,4,2,2009,1,Countryside,258686.01
3284,2,3,3,1990,2,City Center,743477.55
1335,3,1,2,1980,3,Downtown,328514.98
1895,4,2,1,1962,0,Countryside,254612.7
2373,5,4,1,1970,2,Uptown,572727.04
3753,3,2,1,2013,3,City Center,864770.31
2063,4,1,1,2000,3,Suburb,353591.81
1681,5,3,1,1956,2,City Center,442002.0
3247,6,4,2,2018,0,Downtown,853720.99
2565,2,3,3,1996,3,Countryside,390057.24
985,4,1,3,2021,1,Countryside,189292.58
3066,3,1,2,2014,3,Uptown,636290.1
1945,5,1,1,1962,3,Countryside,271196.38
2188,5,3,1,1975,3,Uptown,527105.87
964,1,1,1,1992,3,Uptown,224187.41
2671,2,2,2,1990,1,City Center,598491.97
3325,6,3,3,1993,3,Uptown,755221.55
2027,4,1,2,1992,0,City Center,490223.3
3190,3,1,3,2010,2,Uptown,658218.57
3165,2,1,3,2011,1,Uptown,661616.95
3376,6,4,1,1981,0,Uptown,752776.15
3669,1,2,1,2006,2,City Center,807136.38
1420,4,2,2,2014,3,Downtown,421475.54
3690,2,2,3,1991,3,Uptown,784558.33
2343,3,2,2,2018,2,Uptown,540155.19
2251,6,3,3,2011,1,Suburb,467259.58
1942,5,3,1,1988,2,Suburb,378720.08
3627,6,4,2,2011,2,Uptown,844404.06
3755,3,3,1,2023,3,City Center,871844.66
2213,2,3,1,1986,0,Countryside,318043.33
2611,6,3,3,2011,1,Suburb,492547.14
3006,3,3,1,1963,1,Suburb,502339.92
1007,6,2,3,1979,0,Downtown,305978.14
2492,3,4,1,1967,0,Uptown,531075.59
1446,4,4,2,1975,2,Countryside,300867.75
1969,6,1,1,2023,1,Uptown,443334.65
3825,6,1,1,2003,1,Downtown,905841.23
2426,4,2,3,1987,0,Downtown,620512.22
2022,5,1,2,1986,3,Uptown,471123.25
2947,4,2,3,2009,2,Suburb,527032.4
1261,3,2,3,2008,2,Suburb,263716.91
857,6,3,2,2022,1,Suburb,237305.06
3302,6,4,2,2015,2,Downtown,850504.91
2441,6,1,1,1967,3,Countryside,355936.09
1816,1,3,2,1980,3,Countryside,252376.77
2150,3,1,2,1996,1,Downtown,539252.39
3535,1,4,2,1970,3,Uptown,744383.85
3681,3,1,3,1987,2,Uptown,737785.06
1704,2,2,2,1969,3,Uptown,363352.28
2330,4,4,3,1977,1,Uptown,544108.63
1135,5,4,3,1996,0,Uptown,306050.51
1259,1,2,3,2018,1,Suburb,214405.59
2143,5,4,1,1976,3,Downtown,588048.74
2890,4,1,2,1966,3,City Center,652799.33
3109,1,4,3,1989,0,City Center,695251.14
1842,1,2,3,1959,0,City Center,384899.23
2211,6,1,3,1957,0,City Center,510451.0
929,3,4,1,1967,3,Countryside,159018.31
2366,4,4,2,1960,1,Countryside,328770.72
1285,2,4,3,1966,1,Downtown,330756.12
3897,1,3,2,2019,3,Uptown,823146.06
2353,2,2,2,1994,1,Countryside,328578.15
1572,6,1,1,2003,0,Suburb,329807.12
1644,1,1,3,1954,3,Uptown,342733.19
3552,6,1,1,1955,3,City Center,798221.23
1759,5,2,1,1967,2,Suburb,324969.68
3796,5,3,3,1991,1,Countryside,518969.41
1386,6,2,2,1988,2,Downtown,393479.74
3080,5,2,3,2004,3,Downtown,772226.83
2210,6,4,3,1990,3,City Center,588554.37
1411,3,4,1,2018,3,Suburb,297105.38
1723,3,2,2,1957,3,City Center,413716.93
3082,5,2,2,1981,2,Suburb,561454.78
2152,6,1,2,1997,0,Uptown,478964.8
3767,2,1,2,1998,0,Downtown,877609.23
1570,5,2,2,1976,2,Countryside,268202.88
862,2,2,3,1965,3,Suburb,156775.59
3649,5,2,2,1980,2,Countryside,510361.85
2359,4,3,2,1983,2,Uptown,534756.85
2836,4,1,3,2010,2,Suburb,485353.52
2318,3,4,1,2022,1,Suburb,426239.8
866,3,4,2,1969,1,Countryside,171910.2
1742,4,2,2,2020,2,Countryside,296999.97
3926,4,4,2,1971,2,Suburb,701422.87
1373,6,4,1,2019,0,Uptown,404420.42
938,1,1,1,2002,1,Suburb,202763.65
1078,6,2,1,1977,3,Countryside,195513.05
1047,5,4,3,2012,0,Downtown,357021.41
2979,5,4,1,1952,2,Uptown,668571.84
1974,1,4,1,1963,0,Uptown,468226.06
1409,2,2,3,2017,2,Countryside,209414.03
1894,4,1,2,2001,3,Uptown,411035.56
1796,6,2,2,1960,0,Downtown,450112.15
2460,4,4,3,2010,0,Downtown,604022.09
3678,2,1,2,2005,2,Uptown,742194.9
1190,5,1,1,1977,3,Countryside,184117.35
990,1,3,3,2022,0,Suburb,205507.88
2088,1,2,3,1968,3,Downtown,503635.12
2025,2,2,3,1999,2,City Center,510273.42
3894,6,2,3,1960,2,Downtown,963158.48
1200,4,2,1,1993,3,Countryside,201961.93
921,6,3,2,2012,1,Countryside,196551.71
3065,4,4,1,1998,0,Uptown,694513.38
2009,2,1,1,1984,1,City Center,415485.34
3715,6,2,3,1999,2,Countryside,569929.18
1236,1,1,2,2006,2,Countryside,197908.8
1218,2,1,1,2005,3,Uptown,268626.49
3072,5,4,1,1953,0,Countryside,408877.31
3070,1,3,2,1951,2,City Center,700277.45
2388,1,2,3,2016,1,City Center,540189.2
1494,2,3,2,1984,3,Suburb,308856.33
1059,2,4,2,2003,2,City Center,270001.45
1115,3,3,1,2013,1,City Center,296662.5
1238,2,3,1,2000,2,Uptown,304514.87
2356,3,4,2,2005,1,Countryside,369159.61
2113,5,2,2,1990,1,City Center,502728.69
2107,3,4,3,1981,2,City Center,533427.0
1948,4,3,1,2022,1,Uptown,447507.59
3034,2,1,3,2009,1,City Center,666792.41
1993,6,1,2,2013,1,Countryside,316065.91
1791,3,2,3,2004,3,Downtown,478263.78
2639,5,4,3,2001,3,Uptown,642337.3
950,3,1,1,1981,2,Suburb,153507.16
3450,5,1,3,2001,2,City Center,757317.72
1233,1,1,2,1978,1,City Center,291483.54
2332,4,4,3,2014,1,Countryside,386486.28
900,4,1,2,2003,0,Downtown,232030.27
3790,2,3,2,1993,3,Suburb,664023.04
2934,4,3,2,1962,3,City Center,687453.49
2106,1,3,1,1964,0,Countryside,301305.94
3454,1,2,3,1981,1,Uptown,698380.37
1455,3,4,2,1979,3,Suburb,341964.96
1563,6,4,2,1953,1,City Center,452836.82
3225,4,4,1,1977,1,Countryside,463520.72
3881,6,1,3,1963,1,Countryside,534651.42
2135,2,4,1,1983,3,Uptown,503732.52
3417,3,4,3,2000,0,Countryside,515412.63
2241,4,2,3,1988,0,Suburb,368851.53
2082,1,2,2,1964,1,Countryside,278561.03
3640,2,4,2,1967,3,City Center,852068.49
1560,4,2,3,1971,3,Countryside,210525.21
1374,2,3,2,1956,2,Downtown,326484.83
2784,2,2,2,2021,3,City Center,607355.36
3604,4,4,3,2006,3,Suburb,641211.86
1138,5,1,1,1987,0,Countryside,197410.85
1720,5,3,1,2008,3,Uptown,467447.14
2892,1,1,2,2019,2,Uptown,597921.9
3899,1,4,3,1977,3,Downtown,971347.31
3814,6,2,2,1954,3,Countryside,500077.97
2227,1,4,1,1980,1,Uptown,453197.35
3622,3,4,1,1967,1,Suburb,608689.05
1043,5,3,3,1985,1,Countryside,213341.31
3683,3,3,3,1984,0,Suburb,606796.11
3872,4,1,2,1966,1,Suburb,570451.16
1399,6,3,1,2000,3,Suburb,316067.6
3165,6,3,3,2003,3,City Center,748060.61
1109,6,1,2,2015,2,Countryside,226973.45
2662,4,3,3,1950,0,City Center,614351.96
3400,6,3,1,2018,3,Suburb,608202.4
2559,2,4,2,1991,2,Countryside,370302.66
3041,5,2,3,2012,2,Downtown,747040.73
988,1,4,1,1965,1,City Center,251726.42
2669,1,4,1,1966,2,Suburb,470452.85
1922,1,3,2,1960,2,Suburb,301585.48
1012,4,3,3,1979,3,Downtown,315280.93
3682,1,1,1,2011,0,Suburb,560194.85
3231,2,4,1,1951,2,Downtown,764617.54
2529,6,2,2,1959,1,City Center,591449.39
1165,6,1,1,1990,2,Countryside,187095.15
1361,4,2,3,1968,0,Uptown,296322.01
3107,1,2,2,1994,1,Suburb,472092.44
2486,5,4,1,1961,0,Suburb,490694.5
3882,1,4,2,2004,2,Suburb,653005.27
1814,3,1,1,2020,2,Downtown,447155.49
3496,3,2,3,2015,1,City Center,798939.6
2010,6,1,1,2013,3,Downtown,534503.44
1787,4,1,3,1951,2,Countryside,238520.61
1340,4,4,2,2019,1,City Center,396183.33
3955,1,1,3,1958,0,Countryside,481750.15
1683,1,1,2,2014,2,Uptown,347574.98
3942,4,4,3,2001,0,Uptown,845673.64
3002,5,2,2,1960,2,Downtown,727948.97
2894,2,2,3,1991,3,Uptown,566791.58
3398,6,1,2,2005,1,Downtown,804746.18
1801,1,4,1,2008,0,Countryside,305457.49
3528,6,2,1,1951,1,Downtown,885199.35
1471,4,3,3,2016,2,Suburb,306669.28
2323,2,3,3,1965,0,Countryside,325791.14
2558,3,1,2,2023,0,City Center,587905.0
2664,5,3,1,2013,1,Countryside,475757.62
1444,3,1,3,1964,1,Uptown,323971.5
810,1,1,1,1955,3,Countryside,100141.65
2368,2,2,1,2020,3,Suburb,399089.19
2118,2,4,3,1990,2,Downtown,517421.07
3141,3,1,3,1956,1,Suburb,491219.27
2912,1,4,1,2009,2,Countryside,406812.99
2140,1,4,1,1997,1,Countryside,289854.93
3109,3,2,2,1997,3,Suburb,514918.54
3800,5,2,1,1950,3,Downtown,891369.04
1754,5,3,3,1951,2,Downtown,496892.83
3908,6,4,3,1989,0,Suburb,706332.8
2970,2,4,2,1957,1,Countryside,407740.55
1181,1,2,3,2002,2,City Center,316608.88
3863,1,1,3,1967,3,Downtown,882222.37
3224,5,1,2,1966,1,Countryside,410654.32
1869,3,4,3,1991,2,City Center,506452.48
1913,2,1,1,1967,0,Suburb,304228.2
1232,2,4,2,1990,3,Downtown,334455.08
2995,3,2,2,1989,3,Countryside,413093.23
1291,1,2,3,1988,0,Suburb,198137.63
2142,2,1,3,1981,2,City Center,445664.01
2903,1,3,2,1972,0,City Center,657153.55
2652,5,2,1,2009,0,Suburb,508488.33
1297,1,1,1,1966,1,City Center,245398.65
2324,6,1,3,1983,0,Downtown,588659.38
1064,2,4,1,1961,2,Downtown,284887.15
974,4,1,1,2023,3,City Center,264297.49
2832,1,4,3,2004,1,Countryside,392992.12
1679,2,3,2,2007,1,Downtown,421995.18
3315,5,2,3,1987,3,City Center,773620.43
3055,4,1,1,1985,3,Suburb,492131.0
2517,2,2,3,2019,0,City Center,581479.14
3721,3,4,3,2012,2,Uptown,818590.24
2857,3,4,2,1973,0,Countryside,402561.04
3245,2,1,2,1957,3,Uptown,631123.73
2264,5,2,1,1962,1,Suburb,382064.57
1891,5,1,1,2023,3,Countryside,321527.82
1511,2,2,3,1990,2,Uptown,347663.34
915,6,3,3,2022,1,Uptown,267873.9
1571,4,3,1,2012,0,Downtown,434461.65
1030,2,2,1,2017,3,Downtown,308277.74
2158,5,2,1,1993,1,Countryside,295071.89
1043,1,2,3,1968,0,Uptown,226252.2
2294,1,3,3,2000,0,Countryside,305027.52
2036,3,2,1,2005,3,Countryside,321231.97
1513,6,3,1,1972,3,Countryside,260294.82
3806,6,3,1,1972,0,Uptown,785072.36
2403,5,1,1,1990,1,Uptown,489034.15
1226,4,2,2,1959,1,Countryside,190581.7
2108,2,1,3,1992,3,Downtown,513494.45
1886,2,2,3,1958,2,Countryside,235233.67
1242,6,1,1,1999,3,City Center,351091.85
1481,4,4,2,1994,3,Downtown,399994.6
2763,5,2,1,2007,0,Downtown,691853.4
2007,1,3,2,1963,0,Countryside,241119.68
1496,4,2,3,1959,0,Countryside,203983.28
3233,5,4,3,1953,3,Suburb,575397.97
3287,4,2,1,1962,2,Suburb,524841.73
1578,4,3,3,1986,2,Suburb,305008.89
1192,1,4,3,2020,3,Suburb,281925.86
1023,3,1,2,1961,2,Uptown,211447.16
2767,2,1,1,1976,1,Countryside,364753.84
1135,4,1,2,2000,3,City Center,273755.86
3507,3,1,3,2019,3,Suburb,594146.08
2319,4,3,1,2007,0,Countryside,383611.37
2601,4,3,1,1984,0,Suburb,405717.11
3881,6,1,1,1994,3,Uptown,815857.09
1731,5,1,2,2016,3,Uptown,425086.44
3614,4,2,2,1988,0,City Center,806879.09
3725,1,2,1,2007,1,Suburb,602672.92
1667,2,2,1,2004,0,City Center,377990.3
1627,6,2,3,1983,2,Downtown,447306.8
1156,4,4,3,1991,2,Uptown,315806.46
2676,1,4,1,2003,1,Suburb,489255.64
3120,5,1,1,2022,0,Countryside,443488.42
2993,3,4,2,1999,3,Uptown,682887.05
3294,4,1,1,1985,3,Suburb,536362.46
3332,5,4,1,2000,2,Suburb,598047.88
1001,6,4,2,1997,0,Countryside,217968.84
2041,3,3,2,1962,1,Suburb,363039.04
2030,6,4,2,1984,3,Uptown,502430.31
3444,1,2,2,1977,3,City Center,760535.5
3910,5,3,1,2015,1,Downtown,1016758.02
2074,6,4,1,2017,0,Suburb,445022.49
1589,2,1,1,1954,3,Downtown,366004.53
2276,6,2,2,1997,3,Uptown,559344.28
2425,6,1,3,1953,1,Countryside,327338.49
2802,5,4,1,2010,2,Countryside,408477.51
1469,3,1,2,1953,3,Downtown,334863.27
1467,5,2,1,1978,1,Countryside,200624.16
3468,4,1,3,1951,3,Suburb,546669.73
3451,2,1,1,1982,2,Countryside,438488.37
2535,4,3,2,1982,1,City Center,634878.75
2037,6,4,3,1963,0,Uptown,493253.55
3513,3,3,2,1963,3,Downtown,845542.99
2177,3,3,2,1983,2,Suburb,407638.11
1414,5,2,1,2001,2,Suburb,246377.29
3754,1,4,2,1983,3,City Center,857552.29
2390,6,1,3,2023,1,Countryside,381717.3
3775,6,2,3,2018,3,Countryside,525428.28
2877,3,2,3,2021,1,Countryside,431615.08
1199,4,2,3,1983,1,Countryside,205149.93
3480,1,2,2,1978,2,City Center,749494.24
2157,3,3,3,1987,3,Downtown,569480.64
2727,1,1,2,1974,0,City Center,618083.86
2970,3,4,1,1969,1,Suburb,516637.33
2203,4,4,1,1990,1,Downtown,588639.41
2797,3,2,2,1957,0,City Center,604682.78
1920,2,2,3,1970,3,Downtown,453003.11
1330,5,4,3,2004,3,City Center,410906.72
2755,4,1,1,2018,1,Countryside,370478.32
857,3,2,1,1950,1,Suburb,157981.32
3640,3,3,1,1963,3,Uptown,759746.85
3211,3,2,1,1955,2,Countryside,430399.6
2667,6,3,2,1967,2,City Center,653243.24
2271,2,2,2,1952,1,Suburb,380400.8
3778,2,2,3,1952,1,Downtown,858849.67
2301,6,1,2,1982,0,Uptown,497297.5
996,6,1,3,1952,0,Downtown,243524.73
2507,4,4,1,2020,2,City Center,625584.13
3674,2,2,3,1951,2,City Center,802586.01
3510,1,3,3,1967,3,Downtown,846389.77
2895,6,1,2,1964,0,City Center,634506.69
1613,5,2,2,2016,1,Countryside,291952.12
3681,4,3,1,1955,3,Suburb,644762.76
3618,4,3,1,1950,0,Downtown,870318.7
1252,5,4,1,1961,0,Downtown,397735.92
1848,6,2,2,1987,2,City Center,454104.22
1005,1,2,1,1987,2,Countryside,127206.91
2544,6,1,1,1955,0,Suburb,386525.6
3517,6,2,2,1995,3,Uptown,806235.89
1898,6,1,2,1993,1,Downtown,504637.31
2441,4,4,2,1999,3,City Center,613998.31
3457,2,1,1,1957,1,Downtown,789924.37
2504,5,4,3,2006,1,Uptown,571770.22
2355,3,1,3,1966,3,City Center,574465.04
1262,4,4,1,1958,2,Countryside,231024.42
850,6,2,3,1993,0,City Center,255187.9
3510,6,2,2,1994,3,Suburb,631015.33
3086,5,1,1,1970,3,City Center,710680.18
1477,1,4,2,1980,2,Countryside,239717.68
1006,5,2,3,1998,3,Suburb,217090.51
1122,4,4,3,2007,0,City Center,336549.37
2631,3,1,2,1952,0,City Center,599150.49
2488,1,1,1,1988,1,City Center,561388.4
2196,3,1,1,2008,2,Uptown,507083.73
3943,5,4,3,1996,3,Downtown,987950.69
1199,6,2,1,1993,2,Countryside,208587.9
3043,5,3,3,1963,0,Suburb,518434.26
2816,2,4,1,1982,1,Suburb,487514.5
1294,4,2,2,1974,2,Downtown,368033.83
3901,4,1,3,1965,3,City Center,825860.71
3497,5,2,2,1950,0,Uptown,755506.01
2572,5,4,3,1972,1,Suburb,471639.84
1224,4,3,3,1999,3,Uptown,317642.38
3636,2,3,2,1993,2,City Center,802817.91
1346,2,4,3,2015,2,Uptown,314872.87
2085,6,2,1,1976,2,Countryside,342663.41
3554,2,2,3,2019,2,Downtown,858616.36
3916,3,4,3,2023,3,Uptown,842320.78
1971,4,1,3,1963,0,City Center,412508.42
1395,1,1,1,1984,1,Countryside,170684.31
3599,3,2,1,1987,1,Uptown,781685.43
932,3,4,1,2021,1,Uptown,270048.17
2392,2,3,3,1956,3,City Center,518257.14
2506,6,3,3,1956,0,Countryside,366805.14
1631,5,4,1,1997,1,Suburb,340695.53
2004,4,2,3,1959,1,Suburb,289162.27
3810,5,1,2,1955,3,Countryside,501614.1
3079,3,2,1,1982,0,Countryside,403861.31
2710,6,2,1,1969,2,Uptown,614874.13
1008,6,3,2,2023,2,Downtown,378279.12
3698,3,2,1,2016,0,Uptown,799641.3
1452,4,4,1,1994,1,Suburb,302422.23
3517,3,3,2,1987,1,Uptown,725184.48
2972,4,1,1,1994,3,Suburb,552267.2
3430,5,2,1,1991,3,Downtown,851434.37
2380,3,3,1,2016,2,Uptown,545378.59
2883,4,4,1,1987,1,Countryside,431977.5
2904,1,1,1,2018,0,Downtown,679361.7
1663,6,2,3,2004,0,Suburb,326562.79
3002,6,4,3,1959,1,Downtown,756476.76
2680,6,3,1,1961,0,Downtown,665562.82
1529,3,1,3,1979,2,City Center,352934.93
2389,4,4,2,1990,0,City Center,573821.5
3557,1,1,3,1958,0,Downtown,778068.08
2265,5,1,2,1988,0,Countryside,320928.6
3934,4,4,2,1953,3,Suburb,664500.46
2985,2,2,3,2000,2,Suburb,525829.86
2020,6,3,1,2020,1,Downtown,509480.6
971,1,4,3,2020,0,Countryside,206350.14
1660,6,3,1,2002,1,Suburb,372921.7
1553,2,3,1,1964,1,Uptown,301367.2
1022,5,4,3,2020,0,Countryside,223786.25
3551,1,3,1,1975,3,Countryside,464191.18
2262,2,2,1,1986,0,Suburb,342149.77
2101,4,4,2,1989,1,Uptown,481638.67
3121,3,3,2,1971,0,Countryside,400808.48
1808,2,4,2,1996,1,Countryside,323005.41
2765,4,4,2,1989,3,Uptown,655388.57
1245,2,1,2,1967,1,Countryside,186331.1
3804,6,1,3,1959,0,Uptown,798713.44
3387,1,4,3,1977,0,Uptown,684383.96
1867,5,4,3,1969,2,City Center,474079.59
1714,5,3,1,2009,0,City Center,457227.49
2290,5,1,3,1980,1,Uptown,470107.44
1374,4,2,1,2022,1,City Center,376799.97
2269,1,2,2,1979,0,Countryside,284973.49
2313,2,1,3,1976,2,City Center,499233.58
2723,4,1,1,1991,0,Uptown,583704.2
3395,3,3,3,2019,1,City Center,799335.27
3477,4,3,3,1959,2,City Center,785450.68
1712,5,4,2,1994,3,City Center,492706.6
3274,1,2,2,1971,1,Downtown,733528.73
2907,6,3,1,1969,1,Suburb,530868.71
2283,5,1,3,1979,3,Countryside,343322.03
3750,1,4,3,2011,3,Suburb,634809.07
3219,2,4,1,1981,0,Suburb,547872.66
3149,5,2,1,2015,0,Uptown,664532.73
1401,1,2,2,1973,3,Uptown,321175.54
3108,6,1,3,1986,0,Suburb,518501.96
2639,5,4,2,1971,1,City Center,632235.54
3261,2,2,3,2015,2,Suburb,565630.18
3766,6,3,2,1958,1,City Center,853773.13
2378,2,1,1,1975,3,Suburb,354030.77
3280,1,2,2,1954,0,Downtown,711867.42
2775,6,2,3,2019,0,City Center,682370.2
2938,4,3,1,2017,3,Suburb,511591.41
2774,4,3,3,2023,0,City Center,702135.88
1348,3,4,1,1960,2,Uptown,289221.41
3027,4,3,1,1950,0,Uptown,672194.13
2940,1,1,2,1976,2,City Center,632620.35
2283,1,2,2,1982,2,Uptown,472250.74
2534,5,3,3,1985,3,Suburb,459701.62
2492,5,4,1,1997,3,Countryside,418522.72
2056,5,3,3,2000,1,Downtown,549847.31
3863,2,4,3,1970,0,Suburb,654516.04
2882,4,3,3,1956,1,City Center,663504.55
3404,1,1,1,2010,3,Downtown,801906.04
1062,3,2,2,1960,0,City Center,243747.76
2441,5,3,3,1957,1,City Center,577971.09
2598,1,2,3,2016,2,Suburb,441856.04
937,5,2,3,1971,0,Countryside,131736.63
1779,6,1,1,1961,2,City Center,400126.29
2246,6,4,2,1975,0,Downtown,615715.28
1169,5,3,3,2021,2,Countryside,247197.31
1932,2,2,2,2001,0,Countryside,266660.33
1516,4,1,3,1959,2,Countryside,214788.68
1279,5,3,3,2023,2,City Center,380041.63
2344,5,4,1,1993,3,City Center,590944.81
3203,1,4,1,1983,0,City Center,706563.91
3395,2,2,2,2002,2,Uptown,714941.91
2994,1,3,1,1986,0,City Center,645172.54
3559,6,3,1,2020,1,City Center,863555.06
2085,3,2,3,1984,1,Suburb,323698.33
2843,6,2,1,1980,2,Suburb,525033.11
1738,2,2,3,1995,1,Downtown,441001.95
1291,1,4,3,1950,0,City Center,309230.59
2320,5,3,2,2023,2,City Center,611353.82
1549,5,3,2,1978,1,Downtown,458834.49
2953,4,4,3,1954,2,City Center,715417.4
3611,2,4,1,2016,3,Countryside,487502.52
3623,1,1,3,1976,3,Uptown,696893.46
1212,3,3,3,1983,1,Uptown,283343.63
1876,2,3,2,1993,2,Suburb,341421.82
2842,4,2,2,1997,2,City Center,673673.18
1945,4,2,3,1966,1,Downtown,469110.12
3752,3,2,3,2005,3,Suburb,632035.34
1397,6,2,2,1951,1,City Center,336762.34
2846,2,3,2,1988,2,Uptown,599739.64
3125,1,4,1,1970,0,Suburb,483616.78
1841,4,1,2,1992,2,Countryside,251455.34
2275,5,3,2,1952,3,Downtown,558841.31
2238,6,2,3,2023,1,Countryside,343542.53
2254,3,4,3,2007,0,City Center,575912.84
3313,3,4,3,1968,1,Countryside,445572.02
2527,6,4,1,1960,1,Countryside,448887.64
1734,3,3,3,1987,2,Uptown,414496.36
3440,4,3,2,1996,3,City Center,812096.72
1485,2,1,1,1980,2,Downtown,339957.84
1662,2,4,1,1962,0,City Center,412026.2
3046,1,1,2,2017,0,Downtown,695337.24
1875,5,2,1,1999,2,Suburb,361190.2
1813,6,3,2,1966,1,Uptown,485736.69
1498,1,1,3,1995,2,City Center,333158.8
2713,5,3,3,2006,1,Uptown,643020.47
1525,5,4,3,2022,3,Uptown,407311.47
3420,6,3,2,2011,1,Downtown,872300.23
2609,3,3,2,1983,1,Countryside,407996.01
843,1,2,2,1986,3,Uptown,187845.66
834,6,4,2,1988,0,City Center,313388.97
1999,5,2,1,2020,2,Suburb,402005.04
2486,5,4,2,1981,1,City Center,604310.66
2349,2,3,1,2004,1,Uptown,530703.15
3931,5,3,2,2018,2,City Center,946961.09
1570,1,2,1,1987,0,City Center,363636.2
3330,4,3,3,2012,1,Countryside,452195.51
879,2,1,3,1952,1,Downtown,187232.26
1955,3,2,3,2006,0,Suburb,339299.63
1169,2,1,2,1977,2,City Center,265501.33
2076,4,3,2,1954,2,Downtown,539513.44
3874,2,1,2,2000,0,Uptown,781984.02
2725,2,2,2,1998,0,Downtown,623418.11
3946,6,2,2,2006,1,Downtown,981453.96
1615,4,1,3,1976,3,City Center,397361.71
3591,3,3,1,1955,0,Countryside,482615.81
2771,6,3,1,1996,0,Suburb,528265.61
1262,2,4,2,1951,1,Countryside,216618.44
3194,1,4,1,1951,0,Uptown,665513.6
3629,4,2,2,1961,1,Suburb,586446.69
2847,1,3,3,1957,0,Countryside,329920.78
3440,2,1,1,2012,1,Countryside,455392.36
3087,6,3,2,1974,0,City Center,732423.75
2267,6,2,2,1955,3,City Center,552001.58
3089,3,4,1,2022,1,Uptown,670820.03
2224,3,4,2,2020,1,Downtown,571778.87
2975,2,4,2,1983,2,City Center,715313.06
802,6,4,3,1973,0,Uptown,250098.9
2291,5,2,2,1958,3,Suburb,419280.01
2946,6,4,3,1969,2,Countryside,456586.37
2478,6,3,1,1962,0,Downtown,632145.12
1331,2,1,1,1963,3,Suburb,237915.68
1204,1,4,3,2012,2,Downtown,334579.11
2300,2,1,1,1976,3,Downtown,545422.42
2717,6,1,2,2021,3,Countryside,405294.49
3701,1,3,3,1955,0,Countryside,455930.08
1119,2,1,1,1979,3,Suburb,189166.56
1591,5,2,3,1972,3,Downtown,431417.68
3938,6,3,3,2008,3,Downtown,988475.03
1483,2,4,3,1993,1,Uptown,383800.12
3257,4,3,2,2020,2,Countryside,465947.85
2488,6,4,3,1991,1,Uptown,589922.57
3034,2,4,3,1982,2,City Center,697345.38
2632,4,1,3,1954,2,Uptown,572179.56
866,5,2,2,1950,2,Suburb,186831.1
1679,3,1,3,1985,1,Downtown,428911.89
954,4,3,1,1967,2,Countryside,151268.79
3184,2,2,2,1988,0,Uptown,658221.01
2437,5,2,3,1959,2,City Center,587062.62
1508,4,1,3,1988,0,Uptown,332705.68
2362,1,1,2,1994,3,City Center,542329.61
1293,2,1,3,1998,0,Countryside,166814.23
2947,1,3,3,2022,1,Countryside,440826.95
2857,6,2,1,1956,3,City Center,716947.96
3883,5,1,1,2005,2,City Center,873673.23
1406,2,3,1,2010,0,Uptown,323259.95
2435,3,1,2,2014,3,Suburb,449317.69
3921,2,4,3,1975,3,City Center,925501.44
3471,5,2,3,2017,1,Suburb,591692.8
1093,3,4,2,2023,0,Downtown,327021.26
3551,4,4,2,1994,1,Countryside,510484.31
2211,5,1,2,1971,2,Uptown,452755.99
2611,5,2,2,1955,1,Suburb,423776.96
3607,3,2,3,1960,0,Downtown,819492.18
1795,5,2,2,1951,2,Downtown,442019.05
2049,4,4,1,1992,1,Uptown,487861.3
1667,2,3,3,2011,1,Downtown,443259.29
2342,5,1,2,1971,0,Countryside,350550.01
1622,6,3,1,2009,0,Downtown,442482.92
2391,6,3,3,1996,0,Downtown,648661.45
1998,6,4,1,1998,0,Countryside,342480.22
2785,5,1,1,1975,3,Uptown,597585.73
3718,1,1,1,2017,2,Countryside,491156.39
2806,4,2,1,1994,2,Countryside,379265.56
3360,3,2,3,1985,0,Countryside,451348.19
2385,1,3,1,1969,2,City Center,541679.04
3490,2,1,3,1998,1,City Center,769749.03
1784,5,2,2,1989,2,City Center,452923.37
3020,2,2,3,1967,1,Suburb,528606.0
2065,6,2,2,1968,1,Countryside,302045.2
1077,5,1,1,1990,1,Downtown,284705.06
3935,3,4,2,1988,3,Countryside,546737.19
1422,2,1,1,1973,0,Uptown,275680.46
3327,3,2,3,1979,1,Downtown,778327.26
2271,1,4,1,2014,3,Countryside,376300.33
1553,4,4,2,1967,1,Suburb,337860.08
1726,1,4,1,1984,3,Suburb,312485.07
3840,6,2,1,1958,1,City Center,851752.89
3327,4,3,2,1981,3,City Center,786598.31
3979,1,4,3,1990,3,Uptown,832860.54
3841,5,1,3,1963,3,City Center,868768.64
973,2,4,3,1955,3,Uptown,254293.46
3934,6,1,1,1987,3,City Center,867325.12
2047,3,4,1,2004,2,Uptown,520115.1
1023,6,2,2,2007,0,Uptown,316902.55
1263,2,2,2,2002,2,City Center,301974.23
902,2,4,3,1975,3,Downtown,265695.97
1824,3,2,3,1965,0,Downtown,446617.31
3692,4,3,1,2017,3,Uptown,823129.14
3307,2,4,3,1998,0,Suburb,576220.89
2172,5,2,1,1968,1,Downtown,585904.09
2518,3,3,3,2007,2,Suburb,450661.06
1281,2,2,1,1982,0,City Center,282044.06
2838,4,1,3,2013,1,Suburb,452613.62
3211,6,4,2,2002,3,Downtown,831856.4
3262,5,1,1,2020,2,Uptown,708427.46
3374,5,2,1,1973,1,Downtown,854541.16
3475,3,1,1,1954,2,Countryside,426647.77
1159,1,1,2,1972,1,Countryside,147555.76
3303,6,2,2,1996,0,Downtown,818846.54
3947,3,3,2,1998,0,City Center,914637.87
3054,1,3,2,1967,0,Countryside,443518.65
2148,5,4,3,1976,1,Uptown,499242.62
1038,1,1,2,1986,3,Uptown,213621.21
2096,3,3,1,2022,3,Uptown,518603.22
3786,6,4,2,1973,1,Countryside,567457.83
1592,1,1,1,2009,0,Suburb,293234.15
3320,4,4,1,1992,2,Uptown,753078.56
3411,2,1,3,1975,2,Countryside,422634.16
1077,3,3,3,2020,2,Downtown,337138.1
1266,6,3,2,2000,0,Suburb,305074.07
1594,3,3,3,2011,3,Downtown,458559.64
3444,2,4,1,2008,2,City Center,815385.48
2495,6,1,3,1988,2,Uptown,574858.49
2994,1,2,3,1992,2,Downtown,731035.91
1411,3,1,2,1998,1,Uptown,339788.18
3280,4,2,3,1964,2,Countryside,456574.2
3707,1,3,2,1961,3,Suburb,591207.64
2322,4,3,1,2017,2,Suburb,442734.27
1259,3,1,1,1961,3,Uptown,298135.18
902,4,2,1,1993,3,Uptown,229051.29
2071,3,2,1,2016,1,Suburb,379023.47
3767,1,4,2,2016,0,Downtown,905708.22
2073,1,1,2,2009,0,Downtown,484499.9
2932,6,3,1,2023,2,Suburb,579869.04
2114,2,2,2,1985,2,City Center,488261.98
3548,1,3,1,1970,2,Downtown,837228.73
862,5,1,1,2019,2,Uptown,213392.88
2104,3,2,3,1986,1,Suburb,376525.07
1091,3,3,3,2006,0,Suburb,242559.68
918,4,1,1,1999,0,Downtown,292315.09
2546,4,2,3,2007,2,Countryside,370864.44
2161,2,1,2,2022,1,Downtown,529608.01
3661,4,1,2,1989,3,City Center,826297.67
1749,2,2,3,1983,2,City Center,438339.07
1551,6,3,2,2008,3,Downtown,459069.09
1067,4,1,2,2011,3,Suburb,229130.43
1956,3,2,3,1963,3,Downtown,496757.93
2134,5,1,2,2018,3,City Center,528872.18
3218,4,2,3,1981,1,City Center,720351.33
2372,1,3,1,2005,3,Uptown,526921.8
2201,5,2,1,1959,3,Downtown,579197.63
3225,5,4,2,2021,0,City Center,765219.69
1521,3,4,1,1963,3,Countryside,259679.39
2824,6,1,1,1977,1,Uptown,593177.58
3892,6,1,1,1969,3,Uptown,845340.93
1993,4,4,1,1976,2,Countryside,294696.26
3135,6,3,2,1994,0,Uptown,690146.56
833,5,4,1,1987,0,Countryside,199004.24
3048,1,1,3,2021,2,Downtown,750610.48
1955,1,2,2,2000,2,City Center,447234.99
2463,4,4,3,1977,1,City Center,587626.01
1369,2,4,2,2003,1,Countryside,276403.14
3544,2,2,1,1959,0,Suburb,520139.72
3754,4,4,1,1960,1,City Center,817363.88
2667,6,4,3,1973,3,Uptown,638365.29
2537,5,4,2,1995,1,Suburb,471008.92
2539,5,1,3,2013,1,Uptown,539180.34
1902,4,3,1,1954,3,Countryside,307407.13
1263,5,4,3,1960,1,Uptown,334161.01
3874,3,4,3,1960,0,Suburb,627818.43
2735,6,1,3,2019,2,Uptown,590218.91
1016,3,1,2,2008,3,Uptown,267569.15
3805,3,4,2,1987,2,Suburb,665254.02
944,6,3,3,2022,2,Downtown,324416.48
3377,4,2,3,1956,2,Uptown,741447.74
911,3,4,1,1966,0,Countryside,148918.3
1832,2,3,2,1982,0,Downtown,425689.5
3273,2,2,3,2007,2,Suburb,528611.84
1870,6,2,2,1973,0,Countryside,287988.28
1145,2,2,2,2002,3,Suburb,230616.79
3506,4,2,1,2023,2,Downtown,863525.28
3430,3,1,1,1971,3,City Center,760841.11
2750,3,4,3,2018,1,City Center,644469.21
3599,6,4,2,1983,1,Uptown,835180.29
2580,1,3,2,1998,2,Uptown,553456.98
3597,1,1,3,1995,3,Uptown,749260.92
3470,3,3,2,1984,0,Countryside,478254.51
3480,5,4,2,1980,1,Uptown,780735.06
2182,6,2,2,2020,0,Downtown,590345.35
1078,1,4,1,2017,0,City Center,301834.17
2239,2,3,2,1974,0,Downtown,556629.46
3337,1,1,3,1977,0,Downtown,778908.05
1153,5,2,2,2022,1,Downtown,347355.42
3649,2,3,2,2009,0,City Center,837970.08
1932,4,3,2,1970,0,Countryside,288045.29
3983,1,4,2,1992,0,Countryside,560762.34
1884,2,4,1,2012,1,Uptown,432852.15
2408,2,4,1,1968,3,Suburb,464218.81
3314,6,1,2,1983,0,Downtown,799346.84
1098,1,3,2,1952,3,Suburb,170084.5
3474,6,1,1,1999,2,Suburb,596162.09
3667,3,4,3,1950,3,City Center,824448.97
2586,4,1,3,1978,0,City Center,591872.87
3623,4,1,3,2018,2,Countryside,483707.52
3592,3,4,1,1961,2,Uptown,760016.33
2192,1,4,2,1975,1,Uptown,440149.19
961,4,2,2,1999,0,Countryside,163773.87
2792,1,4,3,1974,1,Downtown,629722.41
1590,1,2,2,1999,0,Uptown,305871.94
3435,3,4,3,2007,0,Downtown,869583.29
2189,1,3,3,1955,3,Downtown,543741.0
1667,6,4,3,2018,1,Uptown,455574.15
1754,1,1,3,1968,3,Downtown,387310.48
2730,5,1,1,1966,0,Suburb,444545.77
3391,1,3,1,2008,1,Uptown,713172.95
1061,1,1,2,1978,0,Suburb,137982.71
2545,3,4,2,1965,1,Countryside,400967.97
1673,1,2,2,1958,0,Countryside,225307.25
1378,4,2,3,1997,1,City Center,346460.72
1797,5,1,1,1962,3,Suburb,319087.72
864,4,1,1,1950,1,Downtown,221567.66
3694,6,3,2,2010,1,Suburb,616265.3
1386,6,3,3,2007,3,Suburb,314456.45
1514,5,1,3,1973,3,Uptown,336090.32
1160,6,3,2,2003,0,Uptown,300667.6
1765,2,1,3,1962,2,Uptown,352552.99
2878,2,4,3,1976,2,Downtown,749503.73
1593,1,2,3,2010,3,Suburb,299766.86
1454,6,1,1,1996,2,Suburb,277676.42
2580,3,3,3,2008,0,Downtown,658951.66
3832,1,2,1,1953,3,Uptown,794727.11
1275,1,2,3,2006,2,City Center,327242.67
1614,6,3,1,1964,2,Suburb,328292.61
1201,2,4,1,1998,1,Downtown,329286.26
2729,5,4,1,2005,1,Suburb,528814.47
3296,4,2,2,1997,1,City Center,761529.71
3748,2,3,2,1975,2,Suburb,630603.86
931,6,1,2,1967,0,City Center,254713.44
2678,4,2,2,1978,2,Uptown,600201.05
1442,6,2,3,2020,1,Downtown,406745.3
2486,5,4,1,2010,3,Countryside,442667.88
859,6,4,3,1981,1,Countryside,210531.99
2578,5,2,3,1969,0,City Center,635385.22
981,1,4,3,2014,0,City Center,257226.24
2975,4,4,3,1962,3,City Center,743469.28
1785,1,1,3,2002,1,Suburb,290708.22
2268,3,2,3,1961,0,City Center,491751.64
3540,3,2,3,2008,0,City Center,785722.28
2699,2,4,1,1997,3,Downtown,682368.05
3369,1,4,3,1992,0,Countryside,466763.32
2544,3,2,3,1960,2,Downtown,620856.71
2908,6,3,1,1964,3,Countryside,427486.0
2706,5,1,2,1996,1,Uptown,583182.91
3687,1,2,1,1992,1,Uptown,790810.41
1265,6,4,3,1976,1,Countryside,287350.86
2244,3,4,2,1956,0,Countryside,334006.47
2214,4,4,3,2017,0,City Center,562200.07
3707,5,3,2,1997,0,Suburb,639950.63
2675,1,1,2,1972,2,Downtown,623145.36
1247,2,3,1,1968,3,Suburb,218594.15
1636,5,1,2,2003,1,City Center,397912.47
2220,4,4,3,1952,2,Suburb,373628.32
1057,1,2,3,1992,3,Uptown,253099.46
2204,6,3,2,2017,3,City Center,592283.92
2045,5,2,2,1971,2,Suburb,360586.27
2783,3,3,1,1968,2,Countryside,422439.74
2667,2,2,3,2018,2,Suburb,432534.69
1518,6,2,1,1980,0,Downtown,380262.5
2096,5,2,2,1983,2,Suburb,388389.04
1640,5,1,3,1990,2,Suburb,324941.97
2327,4,2,3,1988,0,Downtown,609253.55
2457,4,2,2,1990,1,Downtown,601647.31
3824,5,3,3,1987,3,Countryside,571953.62
3889,5,2,3,2006,2,Downtown,955254.83
3796,4,1,1,2020,0,Countryside,505067.45
901,4,2,2,1995,0,Countryside,181293.2
1025,5,2,3,2017,1,Countryside,217546.46
1601,1,1,3,2007,0,Uptown,297167.16
2415,2,4,2,2015,0,Countryside,394830.81
2428,2,4,2,1999,2,Downtown,651401.83
1965,3,3,2,2007,0,Suburb,348738.75
3781,4,4,2,1986,1,City Center,887926.07
3784,4,2,3,1961,1,Suburb,620980.6
2042,4,3,1,1998,0,Downtown,536663.48
2477,6,3,2,1972,3,Uptown,566008.9
3893,2,2,1,1998,2,Uptown,792702.53
2809,1,3,3,1988,3,Uptown,599243.92
3830,4,2,1,1950,1,Countryside,521054.58
2029,6,4,1,1986,3,Suburb,431222.0
2814,6,2,1,1965,2,City Center,654027.71
1073,5,3,3,2011,3,Countryside,247693.97
3372,6,4,3,1965,2,Uptown,701069.15
3802,5,1,2,1970,0,Suburb,631275.31
2109,4,2,2,1970,0,Countryside,261285.72
2279,4,3,1,1987,2,Uptown,513656.18
3417,1,2,3,1973,0,Uptown,658421.6
3882,2,3,2,1988,2,Countryside,496946.37
1192,5,3,1,1951,1,Uptown,319156.54
1952,3,4,2,1993,1,Downtown,509345.98
1692,2,2,1,2021,0,City Center,410750.08
2686,1,1,1,1952,3,Countryside,325381.59
2076,6,3,1,2006,2,Suburb,426940.82
3707,3,1,3,1965,1,Suburb,578086.44
3643,2,2,2,1966,1,Suburb,546790.16
1121,4,1,1,1952,3,City Center,289335.34
974,2,1,1,2015,0,City Center,225164.87
1287,3,1,1,1988,0,Downtown,285443.36
1307,5,2,3,1975,1,Countryside,208777.7
919,1,2,3,1985,2,Countryside,170795.2
1457,5,2,3,2022,0,Downtown,423829.43
3168,1,2,3,1974,2,Suburb,493226.96
3888,5,1,3,1962,1,Uptown,790174.85
3698,4,3,3,1973,3,Downtown,900117.3
1540,3,4,2,1977,1,City Center,436434.96
1262,3,1,2,1964,1,City Center,292658.71
3922,3,3,3,1955,0,Countryside,519740.83
2822,1,4,2,2008,2,City Center,685225.67
1725,5,4,2,2004,1,Downtown,497900.78
2748,6,3,1,1951,3,Downtown,696619.16
2423,4,1,1,1968,3,City Center,546903.0
3646,5,1,3,1971,0,Countryside,474587.97
1615,3,2,3,2001,0,Suburb,290005.56
2539,6,4,2,1984,3,Countryside,434232.59
2748,6,4,2,2015,2,Suburb,538738.92
3945,4,1,1,1982,3,City Center,892102.8
1745,6,2,1,1962,0,Downtown,450010.67
2840,6,1,1,1998,2,Suburb,499572.7
2040,5,1,1,2016,3,City Center,464435.99
1627,3,4,2,2014,2,Uptown,430591.55
2207,5,1,1,2005,0,City Center,525899.77
2643,3,4,2,2008,0,Downtown,696635.2
1524,5,3,3,1971,3,City Center,345614.89
1350,3,4,2,1964,3,Uptown,380017.49
3607,5,4,2,2021,1,Uptown,814073.21
1028,4,3,2,1998,2,Countryside,227523.66
2112,1,1,3,1955,1,Countryside,228141.88
2228,6,1,3,1993,3,Downtown,588055.48
2553,3,3,2,1994,0,Suburb,421881.69
1814,2,3,3,1960,0,Countryside,238204.62
1268,3,2,1,2018,2,Downtown,390580.63
2687,6,4,3,2015,3,Countryside,449126.35
883,6,4,3,1952,2,City Center,283778.66
3136,4,3,3,1962,3,Downtown,792001.35
3629,6,2,2,2013,2,Suburb,648763.64
3318,3,3,2,1975,3,Downtown,815058.38
2994,2,3,2,1956,2,Uptown,632129.22
2446,2,1,3,1962,2,Countryside,355588.31
1075,5,4,2,1976,2,Downtown,336722.62
3468,3,3,2,2019,2,Suburb,606721.98
2497,4,3,3,2015,3,Uptown,603428.09
1539,1,2,3,2013,1,City Center,384800.52
1897,6,4,3,1957,1,Countryside,342880.61
2694,2,2,1,1988,3,City Center,625514.6
2105,1,2,2,1984,2,Suburb,322889.9
1850,6,2,2,1980,0,Suburb,378168.63
1586,1,2,2,2009,3,Uptown,333843.09
2586,4,1,1,1970,2,Suburb,431952.71
919,3,3,3,2020,1,Downtown,269689.48
3759,4,1,1,1960,2,Uptown,764722.23
2020,1,4,2,1961,3,Suburb,363075.25
1766,1,1,3,2017,2,City Center,408787.14
1169,2,1,2,1992,3,Suburb,217788.42
2532,2,2,1,1972,1,Countryside,365114.23
2600,4,3,3,1957,3,Uptown,582570.69
2334,6,1,2,2019,3,City Center,572756.87
3596,2,3,1,1996,3,Countryside,516801.74
2062,1,1,3,1956,1,Countryside,267229.41
3063,4,3,3,1996,0,Uptown,643732.84
1768,4,4,1,2000,2,Countryside,322108.0
1169,2,3,1,1970,3,Countryside,207303.45
3940,6,4,1,1985,0,City Center,921948.73
2729,6,4,2,2004,0,Suburb,546864.14
3660,3,1,2,2003,2,City Center,810098.89
3647,1,1,3,1973,3,Suburb,564061.53
812,4,2,3,1989,2,Uptown,217378.56
1136,1,2,1,2016,1,Uptown,262831.58
3608,4,3,2,2011,1,Countryside,494534.5
1510,6,3,2,1975,0,City Center,368798.98
2305,2,4,2,2023,1,Downtown,635015.1
894,5,2,1,2009,1,Countryside,167840.77
3672,2,1,2,2004,2,Suburb,565972.15
1164,3,2,3,1965,0,Uptown,214412.2
2582,4,4,1,1978,1,Suburb,456520.77
1890,3,4,2,1966,3,Suburb,333038.2
3257,2,3,3,1974,3,Suburb,576390.3
2473,2,1,2,1983,1,Uptown,521931.34
2647,2,3,3,2008,0,Downtown,638811.99
2720,2,3,3,2000,1,City Center,674248.72
3701,4,3,1,1962,0,Downtown,906360.31
2163,2,4,2,1955,0,Countryside,298563.37
2866,5,4,2,2000,2,Suburb,487911.89
3091,1,2,2,1971,3,Countryside,445238.85
2717,2,1,2,2017,3,Suburb,426258.55
1866,1,3,1,1966,3,Countryside,232012.03
3863,3,4,2,1983,2,Uptown,853236.41
2082,4,2,2,2012,1,Uptown,523785.05
3492,6,4,1,1974,1,Downtown,913385.46
1741,2,1,2,1983,1,City Center,396388.18
2587,1,4,1,2006,2,Uptown,587360.09
2787,4,4,1,1968,0,Countryside,423508.31
1183,2,3,1,1971,2,Uptown,294363.57
3516,5,2,3,1950,1,City Center,791983.83
1114,2,4,3,1962,2,Downtown,311734.02
1964,6,1,2,1997,0,Countryside,295928.14
1429,1,1,2,2011,3,Countryside,189900.71
3233,6,1,2,1955,3,Countryside,437846.5
3796,6,2,1,1956,2,Countryside,487660.86
1027,6,1,3,1998,0,City Center,275703.21
1845,2,2,2,1961,0,Suburb,275478.18
1467,4,4,2,1969,0,Countryside,226468.21
2810,4,3,3,1966,2,Downtown,701847.88
2305,5,2,2,2007,3,City Center,598390.05
1899,5,4,1,2004,2,Uptown,498671.33
1563,4,4,1,1955,2,City Center,372319.99
3570,2,2,2,2017,0,Countryside,455107.44
2717,4,1,2,1988,1,Suburb,468365.42
3602,3,2,3,2004,2,Uptown,742740.25
995,5,1,1,2015,0,Uptown,250032.34
2540,4,1,2,2022,2,Countryside,379801.04
1843,5,1,3,1952,0,City Center,396663.11
1535,2,4,1,1960,3,Countryside,249307.51
2085,5,4,3,2007,2,Countryside,335019.49
1566,2,2,1,1983,0,City Center,346332.65
2988,1,1,2,1964,0,Suburb,449595.64
3486,4,4,3,2001,3,Countryside,489960.13
3333,5,3,3,2000,2,Downtown,851734.49
1312,2,1,1,1964,0,Suburb,201407.24
909,2,4,3,1968,1,City Center,258939.8
3364,5,2,1,1988,3,Suburb,586078.28
2741,4,1,1,1971,1,City Center,636392.81
2786,4,1,2,1981,1,Countryside,375324.49
3132,4,1,2,1951,0,City Center,667631.89
2502,4,3,1,2012,3,City Center,621865.95
2902,5,4,1,1957,0,City Center,696785.96
3160,3,1,2,2003,3,Downtown,761477.2
2826,5,3,2,2005,0,Suburb,510211.83
1979,6,2,2,1994,3,Suburb,372810.17
2879,2,3,3,2009,1,Countryside,394721.98
3761,6,4,2,1996,3,Suburb,657097.89
3347,2,3,3,1961,3,Suburb,585541.53
1509,2,2,3,2012,0,City Center,336012.74
2822,3,2,1,2021,0,Downtown,679591.9
2269,3,3,3,1970,1,Uptown,481086.85
930,1,3,2,1964,1,Downtown,257148.49
3101,2,4,2,1993,2,Downtown,766326.01
3954,5,3,1,2015,0,Downtown,1005104.84
2593,4,1,1,1963,0,Uptown,516665.19
1231,2,1,1,1996,1,Countryside,179299.88
3700,4,4,3,1962,1,Countryside,501293.06
2170,2,1,1,2006,3,Downtown,572152.98
1804,4,3,2,2014,1,Downtown,467148.03
1889,3,4,2,1981,1,Uptown,448051.41
2527,2,2,2,2002,3,City Center,597345.54
2914,6,3,1,2006,1,Downtown,764925.98
3739,5,1,1,1993,2,City Center,840984.25
3963,2,4,1,2000,0,Suburb,659853.59
3153,1,3,2,2001,2,Countryside,432736.23
2209,1,3,3,1968,3,City Center,502949.96
3437,2,4,3,1994,3,Suburb,614827.58
2035,1,1,3,1992,3,Suburb,373460.46
2931,5,3,1,1961,2,Uptown,633895.16
2195,6,2,1,1953,2,Suburb,366353.94
3970,3,4,3,1964,0,Countryside,534634.36
1863,6,3,1,1956,0,City Center,513824.19
2020,5,1,2,1993,1,Uptown,432326.51
3116,6,2,2,1988,2,Uptown,722402.34
3554,2,4,3,1981,0,Countryside,518534.02
2915,5,2,2,2008,0,Suburb,498178.24
3714,4,4,1,1961,0,City Center,859819.66
1332,4,2,2,1959,2,Uptown,339807.93
2449,5,4,2,2013,3,City Center,626207.45
3622,4,4,1,1968,1,City Center,833548.39
3712,4,2,3,2015,0,Suburb,610666.38
2665,4,1,3,1970,2,Downtown,617329.87
3264,4,1,1,1997,2,Downtown,772914.45
2941,2,1,2,1989,2,Countryside,355941.19
2004,4,1,1,1968,3,Downtown,493581.67
2049,3,2,1,2012,0,Downtown,499625.54
3042,3,1,1,2003,3,Uptown,647365.72
2068,5,4,2,1998,3,Uptown,484142.09
1343,2,4,2,2007,1,Countryside,244277.6
1165,5,4,2,1979,3,Countryside,258970.58
3015,1,4,3,1985,0,Suburb,462875.29
3696,1,3,3,1965,0,Suburb,587381.13
3334,5,1,3,2016,1,City Center,790693.38
2858,1,1,3,2018,1,Downtown,645857.18
1926,2,2,3,2006,0,Uptown,450021.45
3285,3,4,3,1955,3,Downtown,818005.38
2192,4,2,2,1953,2,City Center,490719.76
1853,1,1,1,2019,1,Countryside,248744.62
1389,2,3,1,1969,2,City Center,350356.54
3579,2,1,3,1991,1,Downtown,830295.11
3721,1,3,2,1962,2,Suburb,602925.12
2490,3,3,2,1965,0,Suburb,400586.53
1781,5,2,2,2015,3,Downtown,494612.22
1903,1,3,2,2020,3,Downtown,467900.71
2783,1,4,3,1979,0,Countryside,379235.48
3069,5,1,1,2021,1,Countryside,418701.85
3127,4,4,1,2014,1,Suburb,554339.4
2329,5,2,1,2018,3,Uptown,570876.86
2650,1,1,2,1987,1,Downtown,629576.2
1046,4,3,3,1982,3,Countryside,216702.76
3389,2,3,1,1970,0,Countryside,422833.74
1167,4,1,1,2021,2,City Center,302241.83
1663,5,3,3,1993,2,City Center,462991.95
1918,2,3,2,1976,3,Uptown,432844.34
2145,1,2,3,1950,3,Downtown,547011.59
839,6,2,2,2021,3,City Center,287556.36
3004,1,1,3,1953,3,Downtown,684240.98
2245,4,3,2,1972,0,Downtown,557942.67
2695,3,2,2,1951,1,Downtown,637545.82
3906,3,3,1,1961,2,Suburb,636350.6
1759,4,3,1,1985,3,Uptown,437667.17
1656,1,2,3,2000,0,Countryside,245854.05
3131,5,4,1,2020,1,Uptown,707825.21
3553,6,2,1,1966,0,Suburb,567325.34
1863,5,2,3,1985,1,Downtown,447950.89
3638,6,3,3,2021,3,Downtown,947209.83
2549,6,1,2,2005,3,Countryside,364312.67
1298,6,4,2,1996,0,Suburb,257642.19
992,3,4,3,2007,2,Downtown,322471.57
2405,2,3,1,2023,0,Suburb,475109.99
3624,4,1,1,1975,1,Countryside,470258.58
2073,1,1,1,2011,3,Downtown,516694.82
3227,6,3,2,1981,0,City Center,762806.59
1776,3,1,2,2016,1,Downtown,443622.21
3977,5,4,1,2007,0,Downtown,1014706.53
1048,1,4,2,1958,1,Downtown,271994.51
2610,1,3,3,2005,0,Downtown,638097.85
3575,1,1,2,1998,3,Downtown,837808.96
3328,4,2,3,1951,3,City Center,734018.19
2701,4,1,2,1953,3,Uptown,581035.85
2144,5,2,1,1963,0,Uptown,464080.8
3721,1,2,3,1966,2,Countryside,452405.1
2524,4,4,1,1981,1,Downtown,662130.2
1047,2,3,3,2005,2,Countryside,173170.64
3190,5,2,1,2010,2,Uptown,705613.62
2204,3,3,1,2016,1,Downtown,571717.62
1772,5,1,2,1994,1,Suburb,342517.91
3423,2,1,2,1974,3,City Center,753323.96
3256,6,3,3,2022,2,Uptown,748419.46
2027,4,3,1,1963,3,Downtown,541930.33
2831,2,1,3,1978,1,City Center,639314.15
3355,2,2,2,1992,3,Suburb,563406.21
2439,2,1,2,1951,0,Countryside,291387.05
922,5,1,1,1987,3,Suburb,173563.28
3385,5,3,1,1953,1,Suburb,550947.73
1963,2,2,2,1972,2,Uptown,410680.51
1807,2,2,1,1972,2,Downtown,428384.76
885,6,2,2,1964,2,Suburb,199010.57
2049,4,2,2,1997,1,Uptown,462188.0
3352,4,1,1,1968,1,Suburb,545393.86
1585,5,4,3,1997,2,Uptown,414165.02
2559,6,2,1,1974,2,Suburb,468580.03
2142,2,1,3,1985,1,Uptown,439479.49
3192,4,2,3,1960,3,Uptown,635930.67
1065,2,4,3,2015,2,City Center,290363.29
2925,4,2,2,1997,3,City Center,682868.25
2740,3,4,3,1954,1,Suburb,446806.11
1631,4,2,2,1977,2,City Center,411008.57
2344,5,2,2,1982,0,Suburb,441215.02
3878,1,3,2,2016,2,Suburb,667075.24
3191,1,4,3,1993,3,City Center,735341.14
2715,4,4,2,2013,2,Countryside,460114.52
2366,1,2,2,1979,2,Downtown,562823.35
2270,1,3,3,2015,0,Countryside,316158.28
1732,1,1,1,1996,0,Uptown,336471.95
1620,3,2,3,1992,2,Countryside,242350.61
3852,6,3,1,1967,2,Downtown,945436.46
3954,3,3,2,2001,3,Uptown,852938.32
3903,6,1,2,2015,1,City Center,898341.48
1732,2,2,2,1979,3,City Center,406280.92
2195,1,3,1,2004,3,Suburb,397988.76
2596,4,1,2,1967,1,Countryside,366832.93
3822,1,4,3,1995,2,Suburb,657791.08
2516,4,4,3,2018,2,Countryside,379222.04
3204,1,1,1,1969,2,Uptown,581201.58
3379,5,4,2,1976,3,Downtown,879961.4
2989,4,2,2,1963,2,Uptown,605017.43
2649,6,3,1,1971,0,Uptown,590559.69
1527,1,4,1,1973,1,Downtown,369672.74
2380,3,2,1,1987,0,City Center,505260.39
1035,3,1,1,1991,3,City Center,271679.25
1443,1,2,3,2003,3,Downtown,384358.1
2393,2,2,1,1989,3,City Center,538499.79
1450,5,3,3,1975,3,Countryside,207679.15
1626,1,2,2,1958,3,Uptown,328145.11
1811,5,3,3,2012,3,City Center,492146.08
3159,1,1,2,2008,2,Countryside,376501.77
2401,5,2,2,1981,1,Uptown,535362.2
3803,4,4,2,1973,0,City Center,872823.8
3661,1,2,1,1985,2,Downtown,865810.83
3659,6,2,2,2002,0,Countryside,520471.61
1113,1,3,2,2007,1,Countryside,165598.62
1649,5,1,2,1953,0,City Center,399721.43
2361,3,4,1,2000,0,Downtown,606054.41
1826,1,2,2,2009,3,City Center,430413.91
1079,1,2,3,2006,1,City Center,243924.64
1943,2,2,1,1962,1,Countryside,248294.35
1308,5,4,1,1959,0,Countryside,216763.95
1428,4,3,1,1977,0,Uptown,336501.08
1685,4,1,3,2016,0,City Center,439084.17
3627,3,4,1,1950,0,City Center,787231.98
3942,2,2,2,1980,1,Downtown,887678.77
865,4,1,1,1993,1,Downtown,268548.41
1703,1,2,3,1971,0,City Center,366943.53
2899,1,3,2,2021,1,Uptown,610423.55
1648,5,4,2,1965,1,Suburb,353498.09
1233,3,3,1,1951,3,Countryside,189347.69
849,4,2,2,1978,0,Countryside,185400.19
3462,5,3,1,1958,1,City Center,807578.52
2035,5,4,1,2018,1,Countryside,346441.77
1188,5,3,3,1999,1,Countryside,273206.16
1518,6,3,3,2011,0,Countryside,268545.7
872,5,4,2,2015,1,Uptown,295381.91
3206,6,1,1,1952,0,Countryside,429705.85
1768,6,4,1,1960,0,Suburb,379234.83
2334,4,3,1,1969,3,Suburb,453830.22
3429,1,2,3,2006,2,Suburb,555990.08
1939,3,1,3,2003,2,Downtown,465706.64
1738,6,3,2,1981,1,Uptown,436609.44
1021,6,2,3,1978,3,Uptown,267540.69
2117,2,4,3,1950,0,City Center,527837.74
1086,2,1,3,1968,1,Suburb,177630.71
1175,2,2,1,2014,0,City Center,284443.57
3769,4,3,1,1975,1,City Center,860683.61
1522,5,2,2,1986,3,Suburb,277357.47
1913,4,1,2,2000,3,Suburb,325517.72
2728,4,4,3,2005,1,City Center,692388.28
881,4,4,1,1988,1,Uptown,245657.11
3776,2,3,2,2009,2,City Center,839521.78
1960,4,4,1,1992,1,City Center,511333.06
1601,2,2,1,1951,2,City Center,383424.08
2457,4,4,3,1997,3,City Center,631849.07
2060,6,1,2,1954,0,City Center,492520.95
3116,2,2,2,1982,2,Uptown,631484.1
3704,4,3,3,1957,3,City Center,815903.79
3813,2,2,2,1954,2,Downtown,912951.67
3656,6,2,2,2008,1,Countryside,519266.4
1813,5,2,1,1964,0,City Center,425713.34
2428,6,1,3,1974,3,Suburb,455763.88
2548,3,3,3,2018,3,Uptown,594984.6
2061,6,4,3,1961,0,Uptown,499512.76
3981,3,2,2,1976,3,Countryside,572020.05
826,2,4,1,1962,0,City Center,209589.64
2950,4,3,3,2005,1,Suburb,541556.8
2334,2,2,1,2012,1,Uptown,505270.26
1251,4,2,1,1975,0,Suburb,238521.85
3909,2,3,2,2006,0,Suburb,672919.37
1126,3,1,2,1965,2,Downtown,289006.72
2201,1,2,2,2012,0,Downtown,539990.92
1050,3,1,3,1955,0,Suburb,189450.15
2939,1,4,3,2016,2,City Center,685890.95
2738,3,4,2,1997,2,Countryside,398275.81
1781,3,4,2,1957,2,Countryside,259323.82
1210,1,4,3,2001,1,Downtown,296422.87
3265,1,3,3,1981,2,City Center,770274.14
3332,6,4,3,2002,1,Downtown,841635.83
3413,3,1,3,1996,0,Countryside,436134.93
3576,4,2,3,2012,3,Uptown,770783.73
1133,3,4,2,1962,3,Countryside,216108.13
3286,2,2,3,2023,0,Suburb,558714.74
2839,1,3,3,2020,3,Suburb,511059.47
2627,1,4,3,2019,1,Suburb,454888.45
1666,2,1,1,2005,0,Suburb,272057.57
2137,4,3,1,1982,3,Downtown,565476.6
3525,2,4,1,1992,1,Uptown,751401.18
3938,5,1,3,1993,3,City Center,923626.91
3478,6,4,1,1978,2,Downtown,899369.5
1991,1,1,1,1993,1,Downtown,477172.56
3146,3,2,2,1998,0,Countryside,437777.63
1053,5,2,2,2004,2,Countryside,229829.48
3582,2,2,1,2000,0,Uptown,740110.43
2686,3,2,2,1978,3,City Center,590123.36
1403,5,3,1,1954,2,Countryside,246353.76
2857,6,1,2,2023,3,Suburb,505022.86
2827,3,4,1,1992,1,Suburb,492477.67
3800,2,1,1,2012,3,Countryside,511727.28
3500,2,1,3,2000,2,City Center,792765.66
3576,4,3,2,2000,0,Uptown,770745.43
3776,3,3,3,1974,3,Downtown,920776.66
1336,3,1,3,1988,3,Suburb,276444.3
3164,2,4,3,2011,2,Suburb,562915.06
1659,2,2,3,1951,2,Uptown,399038.66
1217,6,2,2,2004,1,Downtown,370135.19
1193,3,4,1,1956,0,Uptown,253419.74
3462,3,4,1,2001,1,Downtown,877516.83
1286,2,4,2,1988,1,City Center,344683.17
3977,6,1,2,1998,2,City Center,932965.06
2304,1,1,1,1960,0,City Center,490303.63
3427,6,2,1,2023,3,Countryside,512970.88
3641,6,1,3,1973,3,City Center,804624.04
3440,6,4,2,2023,1,Downtown,894319.53
2132,1,2,2,1952,3,Uptown,417729.59
2997,5,4,1,2016,0,Suburb,543939.53
3497,1,2,3,1973,0,Uptown,708186.57
2631,3,1,1,1966,1,Suburb,449048.09
1159,5,3,1,1960,0,Uptown,296898.43
2022,3,2,2,1950,1,Countryside,246722.34
989,5,3,3,2018,3,Suburb,264242.05
3163,4,3,3,1995,1,Downtown,811107.63
3514,1,2,1,1974,1,Countryside,429484.34
1681,2,2,3,1995,2,Suburb,294969.66
3786,5,4,1,2020,2,Countryside,572613.76
2363,6,2,2,2008,0,Countryside,349862.03
3571,4,2,3,1976,0,Countryside,487485.61
3393,6,2,3,1997,1,City Center,791611.04
1428,3,4,2,1953,1,Downtown,389190.65
1906,1,1,3,2020,3,Downtown,449100.16
2149,6,1,2,1992,2,Suburb,382600.83
1724,3,1,1,1998,1,City Center,413487.63
1230,1,2,3,1989,3,Downtown,306793.34
2966,3,3,3,1984,0,Downtown,756889.28
1499,3,4,1,1994,3,City Center,396797.28
3226,2,3,1,2015,1,Suburb,553893.69
1384,4,3,1,1997,1,Uptown,365031.82
2513,6,4,1,2006,2,City Center,620362.69
2857,3,3,2,2016,1,Countryside,383623.82
3403,1,3,2,1990,0,Downtown,773161.87
1114,6,2,1,1971,0,Downtown,339401.68
3845,3,4,1,2004,1,City Center,881412.84
2839,5,1,2,1951,1,Downtown,723438.99
3725,4,3,1,2017,0,Uptown,796590.05
2637,2,2,1,1959,2,Suburb,426741.03
2904,3,1,2,2013,3,Suburb,520942.2
2328,1,3,3,1981,0,Countryside,352981.86
2025,4,3,2,1977,0,Uptown,497605.07
2412,2,3,3,2015,0,City Center,591187.32
3330,4,1,2,1950,3,Countryside,453081.25
2022,3,1,1,1994,1,City Center,471470.54
